-- Adminer 3.6.1 MySQL dump

SET NAMES utf8;
SET foreign_key_checks = 0;
SET time_zone = 'SYSTEM';
SET sql_mode = 'NO_AUTO_VALUE_ON_ZERO';

DROP TABLE IF EXISTS `answer`;
CREATE TABLE `answer` (
  `id` bigint(20) unsigned NOT NULL AUTO_INCREMENT,
  `exam_id` bigint(20) unsigned NOT NULL COMMENT 'Zkouška',
  `question_id` bigint(20) unsigned NOT NULL COMMENT 'Otázka',
  `answer` varchar(50) DEFAULT NULL COMMENT 'Odpověď',
  `option_id` bigint(20) unsigned DEFAULT NULL COMMENT 'Možnost',
  `correct` tinyint(3) unsigned NOT NULL DEFAULT '0' COMMENT 'Správně?',
  PRIMARY KEY (`exam_id`,`question_id`),
  UNIQUE KEY `id` (`id`),
  KEY `fk_odpoved_otazka1_idx` (`question_id`),
  KEY `option_id` (`option_id`),
  CONSTRAINT `answer_ibfk_2` FOREIGN KEY (`question_id`) REFERENCES `question` (`id`) ON DELETE CASCADE,
  CONSTRAINT `answer_ibfk_3` FOREIGN KEY (`option_id`) REFERENCES `option` (`id`) ON DELETE CASCADE,
  CONSTRAINT `answer_ibfk_4` FOREIGN KEY (`exam_id`) REFERENCES `exam` (`id`) ON DELETE CASCADE
) ENGINE=InnoDB DEFAULT CHARSET=utf8 COMMENT='Odpovědi';

INSERT INTO `answer` (`id`, `exam_id`, `question_id`, `answer`, `option_id`, `correct`) VALUES
(203,	34,	1,	NULL,	1,	1),
(204,	34,	3,	NULL,	3,	1),
(205,	34,	5,	NULL,	2,	1),
(206,	34,	7,	NULL,	7,	1),
(207,	34,	9,	NULL,	9,	1),
(208,	34,	11,	NULL,	10,	1),
(209,	34,	13,	NULL,	13,	1),
(210,	34,	15,	NULL,	15,	1),
(211,	34,	17,	NULL,	17,	1),
(212,	34,	19,	NULL,	45,	0),
(213,	35,	1,	NULL,	1,	1),
(214,	35,	3,	NULL,	NULL,	0),
(215,	35,	5,	NULL,	NULL,	0),
(216,	35,	7,	NULL,	NULL,	0),
(217,	36,	1,	NULL,	1,	1),
(218,	36,	3,	NULL,	3,	1),
(219,	36,	5,	NULL,	2,	1),
(220,	36,	7,	NULL,	7,	1),
(221,	36,	9,	NULL,	9,	1),
(222,	36,	11,	NULL,	10,	1),
(223,	36,	13,	NULL,	13,	1),
(224,	36,	15,	NULL,	15,	1),
(225,	36,	17,	NULL,	NULL,	0),
(226,	36,	19,	NULL,	19,	1),
(227,	37,	1,	NULL,	1,	1),
(228,	37,	3,	NULL,	7,	0),
(229,	37,	5,	NULL,	9,	0),
(230,	37,	7,	NULL,	16,	0),
(231,	37,	9,	NULL,	9,	1),
(232,	37,	11,	NULL,	10,	1),
(233,	37,	13,	NULL,	13,	1),
(234,	37,	15,	NULL,	15,	1),
(235,	37,	17,	NULL,	17,	1),
(236,	37,	19,	NULL,	19,	1),
(237,	38,	1,	NULL,	1,	1),
(238,	38,	3,	NULL,	3,	1),
(239,	38,	5,	NULL,	13,	0),
(240,	38,	7,	NULL,	10,	0),
(241,	38,	9,	NULL,	9,	1),
(242,	38,	11,	NULL,	10,	1),
(243,	38,	13,	NULL,	13,	1),
(244,	38,	15,	NULL,	41,	0),
(245,	38,	17,	NULL,	17,	1),
(246,	38,	19,	NULL,	19,	1),
(247,	39,	1,	NULL,	1,	1),
(248,	39,	3,	NULL,	3,	1),
(249,	39,	5,	NULL,	9,	0),
(250,	39,	7,	NULL,	10,	0),
(251,	39,	9,	NULL,	9,	1),
(252,	39,	11,	NULL,	6,	0),
(253,	39,	13,	NULL,	13,	1),
(254,	39,	15,	NULL,	NULL,	0),
(255,	39,	17,	NULL,	44,	0),
(256,	39,	19,	NULL,	19,	1),
(257,	40,	1,	NULL,	1,	1),
(258,	40,	3,	NULL,	3,	1),
(259,	40,	5,	NULL,	2,	1),
(260,	40,	7,	NULL,	10,	0),
(261,	40,	9,	NULL,	8,	0),
(262,	40,	11,	NULL,	10,	1),
(263,	40,	13,	NULL,	13,	1),
(264,	40,	15,	NULL,	15,	1),
(265,	40,	17,	NULL,	17,	1),
(266,	40,	19,	NULL,	46,	0),
(267,	41,	1,	NULL,	1,	1),
(268,	41,	3,	NULL,	7,	0),
(269,	41,	5,	NULL,	2,	1),
(270,	41,	7,	NULL,	9,	0),
(271,	41,	9,	NULL,	8,	0),
(272,	41,	11,	NULL,	NULL,	0),
(273,	41,	13,	NULL,	13,	1),
(274,	41,	15,	NULL,	15,	1),
(275,	41,	17,	NULL,	17,	1),
(276,	41,	19,	NULL,	19,	1),
(277,	42,	1,	NULL,	1,	1),
(278,	42,	3,	NULL,	3,	1),
(279,	42,	5,	NULL,	2,	1),
(280,	42,	7,	NULL,	10,	0),
(281,	42,	9,	NULL,	9,	1),
(282,	42,	11,	NULL,	6,	0),
(283,	42,	13,	NULL,	13,	1),
(284,	42,	15,	NULL,	41,	0),
(285,	42,	17,	NULL,	17,	1),
(286,	42,	19,	NULL,	19,	1),
(287,	43,	1,	NULL,	1,	1),
(288,	43,	3,	NULL,	3,	1),
(289,	43,	5,	NULL,	2,	1),
(290,	43,	7,	NULL,	9,	0),
(291,	43,	9,	NULL,	4,	0),
(292,	43,	11,	NULL,	6,	0),
(293,	43,	13,	NULL,	13,	1),
(294,	43,	15,	NULL,	15,	1),
(295,	43,	17,	NULL,	23,	0),
(296,	43,	19,	NULL,	45,	0),
(297,	44,	1,	NULL,	NULL,	0),
(298,	45,	1,	NULL,	NULL,	0),
(299,	46,	1,	NULL,	1,	1),
(308,	46,	3,	NULL,	3,	1),
(307,	46,	5,	NULL,	2,	1),
(306,	46,	7,	NULL,	7,	1),
(305,	46,	9,	NULL,	9,	1),
(304,	46,	11,	NULL,	10,	1),
(303,	46,	13,	NULL,	13,	1),
(302,	46,	15,	NULL,	15,	1),
(301,	46,	17,	NULL,	17,	1),
(300,	46,	19,	NULL,	19,	1),
(309,	47,	1,	'Jinan dvojlalocny',	NULL,	0),
(310,	47,	3,	'Jedle belokora',	NULL,	1),
(311,	47,	5,	'Smrk ztepily',	NULL,	1),
(312,	47,	7,	'Jalovec',	NULL,	0),
(313,	47,	9,	'Jedlovec',	NULL,	0),
(314,	47,	11,	'Cyprisek Lawsonuv',	NULL,	1),
(315,	47,	13,	'Fenykl obecny',	NULL,	1),
(316,	47,	15,	'Slunecnice topinambur',	NULL,	1),
(317,	47,	17,	'Plicnik lekarsky',	NULL,	1),
(318,	47,	19,	'Materidouska',	NULL,	0),
(319,	48,	1,	NULL,	1,	1),
(320,	48,	3,	NULL,	3,	1),
(321,	48,	5,	NULL,	2,	1),
(322,	48,	7,	NULL,	7,	1),
(323,	48,	9,	NULL,	9,	1),
(324,	48,	11,	NULL,	9,	0),
(325,	48,	13,	NULL,	13,	1),
(326,	48,	15,	NULL,	15,	1),
(327,	48,	17,	NULL,	17,	1),
(328,	48,	19,	NULL,	19,	1),
(329,	49,	1,	'Jinan dvoulalocny',	NULL,	1),
(330,	49,	3,	'Jedle belokora',	NULL,	1),
(331,	49,	5,	'Smrk ztepily',	NULL,	1),
(332,	49,	7,	'Jalovec',	NULL,	0),
(333,	49,	9,	'Jedlovec kanadsky',	NULL,	1),
(334,	49,	11,	NULL,	NULL,	0),
(335,	49,	13,	'Fenykl lekarsky',	NULL,	0),
(336,	49,	15,	'Slunecnice',	NULL,	0),
(337,	49,	17,	NULL,	NULL,	0),
(338,	49,	19,	'Materidouska',	NULL,	0),
(349,	51,	1,	NULL,	5,	0),
(350,	51,	3,	NULL,	18,	0),
(351,	51,	5,	NULL,	9,	0),
(352,	51,	7,	NULL,	7,	1),
(353,	51,	9,	NULL,	4,	0),
(354,	51,	11,	NULL,	6,	0),
(355,	51,	13,	NULL,	13,	1),
(356,	51,	15,	NULL,	15,	1),
(357,	51,	17,	NULL,	44,	0),
(358,	51,	19,	NULL,	19,	1),
(359,	52,	1,	NULL,	5,	0),
(361,	52,	3,	NULL,	18,	0),
(362,	52,	5,	NULL,	NULL,	0),
(360,	53,	1,	NULL,	5,	0),
(363,	53,	3,	NULL,	7,	0),
(364,	53,	5,	NULL,	9,	0),
(365,	53,	7,	NULL,	10,	0),
(366,	53,	9,	NULL,	4,	0),
(367,	53,	11,	NULL,	6,	0),
(368,	53,	13,	NULL,	NULL,	0),
(369,	54,	1,	NULL,	NULL,	0),
(370,	54,	3,	NULL,	NULL,	0),
(371,	55,	1,	NULL,	1,	1),
(372,	55,	3,	NULL,	3,	1),
(374,	55,	5,	NULL,	2,	1),
(384,	55,	7,	NULL,	7,	1),
(385,	55,	9,	NULL,	9,	1),
(386,	55,	11,	NULL,	10,	1),
(387,	55,	13,	NULL,	13,	1),
(388,	55,	15,	NULL,	15,	1),
(389,	55,	17,	NULL,	17,	1),
(390,	55,	19,	NULL,	19,	1),
(373,	56,	1,	'jasan',	NULL,	0),
(375,	56,	3,	NULL,	NULL,	0),
(376,	56,	5,	NULL,	NULL,	0),
(377,	56,	7,	NULL,	NULL,	0),
(378,	56,	9,	NULL,	NULL,	0),
(379,	56,	11,	NULL,	NULL,	0),
(380,	56,	13,	NULL,	NULL,	0),
(381,	56,	15,	NULL,	NULL,	0),
(382,	56,	17,	NULL,	NULL,	0),
(383,	56,	19,	NULL,	NULL,	0),
(391,	57,	1,	NULL,	NULL,	0),
(392,	58,	1,	'gingo biloba',	NULL,	0),
(393,	59,	1,	NULL,	1,	1),
(394,	59,	3,	NULL,	7,	0),
(395,	59,	5,	NULL,	9,	0),
(396,	59,	7,	NULL,	7,	1),
(397,	59,	9,	NULL,	9,	1),
(398,	59,	11,	NULL,	10,	1),
(399,	59,	13,	NULL,	13,	1),
(400,	59,	15,	NULL,	42,	0),
(401,	59,	17,	NULL,	23,	0),
(402,	59,	19,	NULL,	46,	0),
(403,	60,	1,	'a',	NULL,	0),
(404,	60,	3,	'b',	NULL,	0),
(405,	60,	5,	'v',	NULL,	0),
(406,	60,	7,	'e',	NULL,	0),
(407,	60,	9,	'e',	NULL,	0),
(408,	60,	11,	NULL,	NULL,	0),
(409,	61,	1,	NULL,	NULL,	0),
(417,	61,	3,	NULL,	NULL,	0),
(410,	62,	1,	NULL,	1,	1),
(411,	62,	3,	NULL,	3,	1),
(412,	62,	5,	NULL,	2,	1),
(413,	62,	7,	NULL,	7,	1),
(414,	62,	9,	NULL,	8,	0),
(415,	62,	11,	NULL,	10,	1),
(416,	62,	13,	NULL,	13,	1),
(418,	62,	15,	NULL,	15,	1),
(419,	62,	17,	NULL,	17,	1),
(420,	62,	19,	NULL,	19,	1),
(421,	63,	1,	NULL,	1,	1),
(422,	63,	3,	NULL,	3,	1),
(423,	63,	5,	NULL,	2,	1),
(424,	63,	7,	NULL,	7,	1),
(425,	63,	9,	NULL,	9,	1),
(426,	63,	11,	NULL,	9,	0),
(428,	63,	13,	NULL,	13,	1),
(430,	63,	15,	NULL,	42,	0),
(432,	63,	17,	NULL,	23,	0),
(434,	63,	19,	NULL,	19,	1),
(427,	64,	1,	'jínan dvoulaločný',	NULL,	1),
(429,	64,	3,	'jedle bělokorá',	NULL,	1),
(431,	64,	5,	'smrk opadavý',	NULL,	0),
(433,	64,	7,	'jalovec obecný',	NULL,	1),
(435,	64,	9,	'kanadský',	NULL,	0),
(436,	64,	11,	'lawsonův',	NULL,	0),
(437,	64,	13,	'fenykl obecný',	NULL,	1),
(438,	64,	15,	'slunečnice topinambur',	NULL,	1),
(439,	64,	17,	'plicník lékařský',	NULL,	1),
(440,	64,	19,	'mateřídouška časná',	NULL,	1),
(441,	65,	1,	'k',	NULL,	0),
(442,	66,	1,	NULL,	NULL,	0),
(443,	66,	3,	NULL,	NULL,	0),
(444,	66,	5,	NULL,	NULL,	0),
(445,	66,	7,	NULL,	NULL,	0),
(679,	66,	9,	NULL,	NULL,	0),
(680,	66,	11,	NULL,	NULL,	0),
(681,	66,	13,	NULL,	NULL,	0),
(682,	66,	15,	NULL,	NULL,	0),
(683,	66,	17,	NULL,	NULL,	0),
(678,	66,	19,	NULL,	NULL,	0),
(446,	67,	1,	NULL,	1,	1),
(447,	67,	3,	NULL,	7,	0),
(448,	67,	5,	NULL,	13,	0),
(449,	67,	7,	NULL,	9,	0),
(450,	67,	9,	NULL,	4,	0),
(451,	67,	11,	NULL,	10,	1),
(452,	67,	13,	NULL,	36,	0),
(453,	67,	15,	NULL,	15,	1),
(454,	67,	17,	NULL,	17,	1),
(455,	67,	19,	NULL,	19,	1),
(456,	68,	1,	'jinan dvoulalocny',	NULL,	1),
(457,	68,	3,	'jedle',	NULL,	0),
(458,	68,	5,	'smrk ztepily',	NULL,	1),
(459,	68,	7,	'jalovec obecny',	NULL,	1),
(695,	68,	9,	NULL,	NULL,	0),
(696,	68,	11,	NULL,	NULL,	0),
(697,	68,	13,	NULL,	NULL,	0),
(698,	68,	15,	NULL,	NULL,	0),
(465,	68,	19,	NULL,	NULL,	0),
(460,	69,	1,	NULL,	1,	1),
(461,	69,	3,	NULL,	3,	1),
(462,	69,	5,	NULL,	2,	1),
(463,	69,	7,	NULL,	7,	1),
(464,	69,	9,	NULL,	9,	1),
(466,	69,	11,	NULL,	10,	1),
(467,	69,	13,	NULL,	13,	1),
(471,	69,	15,	NULL,	13,	0),
(474,	69,	17,	NULL,	23,	0),
(475,	69,	19,	NULL,	46,	0),
(468,	70,	1,	NULL,	1,	1),
(469,	70,	3,	NULL,	4,	0),
(470,	70,	5,	NULL,	2,	1),
(472,	70,	7,	NULL,	16,	0),
(473,	70,	9,	NULL,	9,	1),
(477,	70,	11,	NULL,	28,	0),
(479,	70,	13,	NULL,	NULL,	0),
(480,	70,	15,	NULL,	NULL,	0),
(481,	70,	17,	NULL,	NULL,	0),
(482,	70,	19,	NULL,	NULL,	0),
(476,	71,	1,	NULL,	1,	1),
(478,	71,	3,	NULL,	NULL,	0),
(483,	72,	1,	'jiNan dvoulaločný',	NULL,	1),
(484,	73,	1,	NULL,	1,	1),
(485,	73,	3,	NULL,	3,	1),
(486,	73,	5,	NULL,	2,	1),
(487,	73,	7,	NULL,	7,	1),
(488,	73,	9,	NULL,	9,	1),
(489,	73,	11,	NULL,	10,	1),
(490,	73,	13,	NULL,	13,	1),
(492,	73,	15,	NULL,	15,	1),
(494,	73,	17,	NULL,	17,	1),
(495,	73,	19,	NULL,	19,	1),
(491,	74,	1,	NULL,	1,	1),
(493,	74,	3,	NULL,	3,	1),
(496,	74,	5,	NULL,	2,	1),
(497,	74,	7,	NULL,	7,	1),
(498,	74,	9,	NULL,	8,	0),
(500,	74,	11,	NULL,	10,	1),
(501,	74,	13,	NULL,	13,	1),
(506,	74,	15,	NULL,	42,	0),
(510,	74,	17,	NULL,	44,	0),
(514,	74,	19,	NULL,	19,	1),
(499,	75,	1,	'jinan dvoulaločný',	NULL,	1),
(502,	75,	3,	'jedle bělokorá',	NULL,	1),
(503,	75,	5,	'smrk ztepilý',	NULL,	1),
(504,	75,	7,	'jalovec obecný',	NULL,	1),
(505,	75,	9,	'jedlovec',	NULL,	0),
(507,	75,	11,	'cypřišek',	NULL,	0),
(508,	75,	13,	'tymián obecný',	NULL,	0),
(509,	75,	15,	'slunečnice topinambur',	NULL,	1),
(511,	75,	17,	'plicník lékařský',	NULL,	1),
(512,	75,	19,	'mateřídouška časná',	NULL,	1),
(513,	76,	1,	'jinan',	NULL,	0),
(515,	76,	3,	'jedle bělokorá',	NULL,	1),
(516,	76,	5,	'smrk stepilý',	NULL,	0),
(517,	76,	7,	NULL,	NULL,	0),
(518,	76,	9,	'modřín',	NULL,	0),
(519,	76,	11,	NULL,	NULL,	0),
(520,	76,	13,	'kopr',	NULL,	0),
(521,	76,	15,	NULL,	NULL,	0),
(522,	76,	17,	NULL,	NULL,	0),
(523,	76,	19,	NULL,	NULL,	0),
(524,	77,	1,	NULL,	1,	1),
(525,	77,	3,	NULL,	3,	1),
(526,	77,	5,	NULL,	2,	1),
(527,	77,	7,	NULL,	7,	1),
(528,	77,	9,	NULL,	9,	1),
(529,	77,	11,	NULL,	10,	1),
(530,	77,	13,	NULL,	13,	1),
(531,	77,	15,	NULL,	15,	1),
(532,	77,	17,	NULL,	17,	1),
(533,	77,	19,	NULL,	19,	1),
(534,	78,	1,	NULL,	1,	1),
(535,	78,	3,	NULL,	4,	0),
(536,	78,	5,	NULL,	2,	1),
(537,	78,	7,	NULL,	10,	0),
(538,	78,	9,	NULL,	9,	1),
(539,	78,	11,	NULL,	10,	1),
(540,	78,	13,	NULL,	36,	0),
(541,	78,	15,	NULL,	42,	0),
(542,	78,	17,	NULL,	17,	1),
(543,	78,	19,	NULL,	NULL,	0),
(544,	79,	1,	'tttt',	NULL,	0),
(545,	79,	3,	NULL,	NULL,	0),
(546,	79,	5,	NULL,	NULL,	0),
(547,	79,	7,	NULL,	NULL,	0),
(548,	79,	9,	NULL,	NULL,	0),
(549,	80,	1,	NULL,	1,	1),
(550,	80,	3,	NULL,	3,	1),
(551,	80,	5,	NULL,	2,	1),
(552,	80,	7,	NULL,	7,	1),
(553,	80,	9,	NULL,	9,	1),
(554,	80,	11,	NULL,	10,	1),
(555,	80,	13,	NULL,	21,	0),
(556,	80,	15,	NULL,	15,	1),
(557,	80,	17,	NULL,	43,	0),
(559,	80,	19,	NULL,	19,	1),
(558,	81,	1,	NULL,	9,	0),
(560,	81,	3,	NULL,	4,	0),
(561,	81,	5,	NULL,	NULL,	0),
(562,	81,	7,	NULL,	NULL,	0),
(606,	81,	9,	NULL,	NULL,	0),
(607,	81,	11,	NULL,	NULL,	0),
(563,	82,	1,	NULL,	1,	1),
(564,	82,	3,	NULL,	3,	1),
(565,	82,	5,	NULL,	2,	1),
(566,	82,	7,	NULL,	9,	0),
(567,	82,	9,	NULL,	8,	0),
(568,	82,	11,	NULL,	10,	1),
(569,	82,	13,	NULL,	13,	1),
(570,	82,	15,	NULL,	15,	1),
(571,	82,	17,	NULL,	43,	0),
(572,	82,	19,	NULL,	45,	0),
(573,	83,	1,	'jinan dvoulaločný',	NULL,	1),
(574,	83,	3,	'jedle bělokorá',	NULL,	1),
(575,	83,	5,	'smrk ztepilý',	NULL,	1),
(576,	83,	7,	'jalovec kanadský',	NULL,	0),
(577,	83,	9,	NULL,	NULL,	0),
(578,	83,	11,	'cipřišek',	NULL,	0),
(579,	83,	13,	'fenykl lékařský',	NULL,	0),
(580,	83,	15,	'slunečnice',	NULL,	0),
(581,	83,	17,	'plicník',	NULL,	0),
(582,	83,	19,	'mateřídouška časná',	NULL,	1),
(583,	84,	1,	'Gingko dvojlaločné',	NULL,	0),
(584,	84,	3,	NULL,	NULL,	0),
(585,	84,	5,	NULL,	NULL,	0),
(586,	85,	1,	NULL,	1,	1),
(587,	85,	3,	NULL,	3,	1),
(588,	85,	5,	NULL,	2,	1),
(589,	85,	7,	NULL,	9,	0),
(590,	85,	9,	NULL,	8,	0),
(591,	85,	11,	NULL,	10,	1),
(592,	85,	13,	NULL,	13,	1),
(593,	85,	15,	NULL,	42,	0),
(594,	85,	17,	NULL,	23,	0),
(595,	85,	19,	NULL,	19,	1),
(596,	86,	1,	'Jinan dvoulaločný',	NULL,	1),
(597,	86,	3,	'Jedle bělokorá',	NULL,	1),
(598,	86,	5,	'Smrk ztepilý',	NULL,	1),
(599,	86,	7,	NULL,	NULL,	0),
(600,	86,	9,	'Modřín opadavý',	NULL,	0),
(601,	86,	11,	'Tis Cawresův',	NULL,	0),
(602,	86,	13,	'Fenykl obecný',	NULL,	1),
(603,	86,	15,	'Slunečnice topinambur',	NULL,	1),
(604,	86,	17,	'Orlíček lékařský',	NULL,	0),
(605,	86,	19,	'Mateřídouška časná',	NULL,	1),
(608,	87,	1,	NULL,	1,	1),
(609,	87,	3,	NULL,	3,	1),
(610,	87,	5,	NULL,	2,	1),
(611,	87,	7,	NULL,	7,	1),
(612,	87,	9,	NULL,	8,	0),
(613,	87,	11,	NULL,	10,	1),
(614,	87,	13,	NULL,	13,	1),
(615,	87,	15,	NULL,	42,	0),
(616,	87,	17,	NULL,	17,	1),
(617,	87,	19,	NULL,	19,	1),
(618,	88,	1,	NULL,	1,	1),
(619,	88,	3,	NULL,	7,	0),
(620,	88,	5,	NULL,	9,	0),
(621,	88,	7,	NULL,	7,	1),
(622,	88,	9,	NULL,	8,	0),
(623,	88,	11,	NULL,	9,	0),
(624,	88,	13,	NULL,	NULL,	0),
(625,	88,	15,	NULL,	42,	0),
(626,	88,	17,	NULL,	17,	1),
(627,	88,	19,	NULL,	19,	1),
(628,	89,	1,	NULL,	NULL,	0),
(629,	89,	3,	NULL,	NULL,	0),
(630,	89,	5,	NULL,	NULL,	0),
(631,	89,	7,	NULL,	NULL,	0),
(632,	89,	9,	NULL,	NULL,	0),
(633,	89,	11,	NULL,	NULL,	0),
(634,	89,	13,	NULL,	NULL,	0),
(635,	89,	15,	NULL,	NULL,	0),
(636,	89,	17,	NULL,	NULL,	0),
(637,	89,	19,	NULL,	NULL,	0),
(638,	90,	1,	NULL,	NULL,	0),
(639,	91,	1,	NULL,	1,	1),
(640,	91,	3,	NULL,	3,	1),
(641,	91,	5,	NULL,	2,	1),
(642,	91,	7,	NULL,	7,	1),
(643,	91,	9,	NULL,	9,	1),
(644,	91,	11,	NULL,	10,	1),
(645,	91,	13,	NULL,	13,	1),
(646,	91,	15,	NULL,	15,	1),
(647,	91,	17,	NULL,	17,	1),
(648,	91,	19,	NULL,	19,	1),
(649,	92,	1,	'jinan dvoulaločný',	NULL,	1),
(650,	92,	3,	'jedle bělokorá',	NULL,	1),
(651,	92,	5,	'smrk ztepilý',	NULL,	1),
(652,	92,	7,	'jalovec obecný',	NULL,	1),
(653,	92,	9,	'jedlovec kanadský',	NULL,	1),
(654,	92,	11,	'cypřišek lawsonův',	NULL,	1),
(655,	92,	13,	'fenykl obecný',	NULL,	1),
(656,	92,	15,	'slunečnice topinambur',	NULL,	1),
(657,	92,	17,	'plicník lékařský',	NULL,	1),
(658,	92,	19,	'mateřídouška časná',	NULL,	1),
(659,	93,	1,	NULL,	1,	1),
(660,	93,	3,	NULL,	7,	0),
(661,	93,	5,	NULL,	13,	0),
(662,	93,	7,	NULL,	7,	1),
(663,	93,	9,	NULL,	9,	1),
(664,	93,	11,	NULL,	10,	1),
(665,	93,	13,	NULL,	NULL,	0),
(666,	94,	1,	'jinan dvoulaločný',	NULL,	1),
(667,	94,	3,	'jedle bělokorá',	NULL,	1),
(668,	94,	5,	'smrk ztepilý',	NULL,	1),
(669,	94,	7,	'jalovec obecný',	NULL,	1),
(670,	94,	9,	'douglaska tisolistá',	NULL,	0),
(671,	94,	11,	'cypřišek Lewsonův',	NULL,	0),
(672,	94,	13,	'fenykl obecný',	NULL,	1),
(673,	94,	15,	'slunečnice topinambur',	NULL,	1),
(674,	94,	17,	'plicnik obecný',	NULL,	0),
(675,	94,	19,	NULL,	NULL,	0),
(676,	95,	1,	NULL,	13,	0),
(677,	95,	3,	NULL,	NULL,	0),
(684,	96,	1,	NULL,	NULL,	0),
(685,	97,	1,	'jinan dvoulaločný',	NULL,	1),
(686,	97,	3,	'jedle bělokorá',	NULL,	1),
(687,	97,	5,	'smrk ztepilý',	NULL,	1),
(688,	97,	7,	'jalovec metlatý',	NULL,	0),
(689,	97,	9,	'douglaska tisolistá',	NULL,	0),
(690,	97,	11,	'cypřišek',	NULL,	0),
(691,	97,	13,	'mrkvice obecná',	NULL,	0),
(692,	97,	15,	NULL,	NULL,	0),
(693,	97,	17,	'plicník',	NULL,	0),
(694,	97,	19,	NULL,	NULL,	0),
(699,	98,	1,	NULL,	NULL,	0),
(764,	98,	3,	NULL,	NULL,	0),
(765,	98,	5,	NULL,	NULL,	0),
(766,	98,	7,	NULL,	NULL,	0),
(767,	98,	9,	NULL,	NULL,	0),
(768,	98,	11,	NULL,	NULL,	0),
(769,	98,	13,	NULL,	NULL,	0),
(700,	98,	19,	NULL,	NULL,	0),
(701,	99,	1,	NULL,	1,	1),
(702,	99,	3,	NULL,	3,	1),
(703,	99,	5,	NULL,	2,	1),
(704,	99,	7,	NULL,	7,	1),
(705,	99,	9,	NULL,	8,	0),
(706,	99,	11,	NULL,	10,	1),
(707,	99,	13,	NULL,	13,	1),
(708,	99,	15,	NULL,	15,	1),
(709,	99,	17,	NULL,	17,	1),
(710,	99,	19,	NULL,	19,	1),
(711,	100,	1,	'jinan dvoulaločný',	NULL,	1),
(712,	100,	3,	NULL,	NULL,	0),
(713,	101,	1,	NULL,	1,	1),
(714,	101,	3,	NULL,	3,	1),
(715,	101,	5,	NULL,	2,	1),
(716,	101,	7,	NULL,	7,	1),
(717,	101,	9,	NULL,	9,	1),
(718,	101,	11,	NULL,	10,	1),
(719,	101,	13,	NULL,	13,	1),
(720,	101,	15,	NULL,	42,	0),
(721,	101,	17,	NULL,	17,	1),
(722,	101,	19,	NULL,	19,	1),
(723,	102,	1,	NULL,	1,	1),
(724,	102,	3,	NULL,	3,	1),
(725,	102,	5,	NULL,	2,	1),
(726,	102,	7,	NULL,	7,	1),
(727,	102,	9,	NULL,	9,	1),
(728,	102,	11,	NULL,	10,	1),
(729,	102,	13,	NULL,	13,	1),
(730,	102,	15,	NULL,	15,	1),
(731,	102,	17,	NULL,	17,	1),
(732,	102,	19,	NULL,	45,	0),
(733,	103,	1,	NULL,	NULL,	0),
(734,	104,	1,	NULL,	1,	1),
(735,	104,	3,	NULL,	3,	1),
(736,	104,	5,	NULL,	2,	1),
(737,	104,	7,	NULL,	7,	1),
(738,	104,	9,	NULL,	9,	1),
(739,	104,	11,	NULL,	9,	0),
(740,	104,	13,	NULL,	13,	1),
(741,	104,	15,	NULL,	15,	1),
(742,	104,	17,	NULL,	43,	0),
(744,	104,	19,	NULL,	NULL,	0),
(743,	105,	1,	NULL,	1,	1),
(745,	105,	3,	NULL,	3,	1),
(746,	105,	5,	NULL,	2,	1),
(747,	105,	7,	NULL,	7,	1),
(748,	105,	9,	NULL,	8,	0),
(749,	105,	11,	NULL,	10,	1),
(750,	105,	13,	NULL,	13,	1),
(751,	105,	15,	NULL,	15,	1),
(752,	105,	17,	NULL,	43,	0),
(753,	105,	19,	NULL,	19,	1),
(754,	106,	1,	'Jinan dvoulaločný',	NULL,	1),
(755,	106,	3,	'Jedle bělokorá',	NULL,	1),
(756,	106,	5,	'Smrk ztepilý',	NULL,	1),
(757,	106,	7,	'Jalovec obecný',	NULL,	1),
(758,	106,	9,	'Jedlovec kanadský',	NULL,	1),
(759,	106,	11,	'Cypřišek lawsonův',	NULL,	1),
(760,	106,	13,	'Fenykl obecný',	NULL,	1),
(761,	106,	15,	'Slunečnice topinambur',	NULL,	1),
(762,	106,	17,	'Plicník lékařský',	NULL,	1),
(763,	106,	19,	'Mateřídouška časná',	NULL,	1),
(770,	107,	1,	NULL,	5,	0),
(771,	108,	1,	NULL,	1,	1),
(772,	108,	3,	NULL,	3,	1),
(773,	108,	5,	NULL,	2,	1),
(774,	108,	7,	NULL,	7,	1),
(775,	108,	9,	NULL,	9,	1),
(776,	108,	11,	NULL,	10,	1),
(777,	108,	13,	NULL,	13,	1),
(778,	108,	15,	NULL,	15,	1),
(779,	108,	17,	NULL,	43,	0),
(780,	108,	19,	NULL,	19,	1),
(781,	109,	1,	'Jinan dvoulaločný',	NULL,	1),
(782,	109,	3,	'Jedle bělokorá',	NULL,	1),
(783,	109,	5,	'Smrk ztepilý',	NULL,	1),
(784,	109,	7,	'Jalovec obecný',	NULL,	1),
(785,	109,	9,	'Jedlovec kanadský',	NULL,	1),
(786,	109,	11,	'Cypřišek Lawsonův',	NULL,	1),
(787,	109,	13,	'Zemědým lékařský',	NULL,	0),
(788,	109,	15,	'Slunečnice topanimbur',	NULL,	0),
(789,	109,	17,	'Plicník lékařský',	NULL,	1),
(790,	109,	19,	'Mateřídouška obecná',	NULL,	0),
(791,	110,	1,	NULL,	13,	0),
(792,	110,	3,	NULL,	7,	0),
(793,	110,	5,	NULL,	2,	1),
(794,	110,	7,	NULL,	16,	0),
(795,	110,	9,	NULL,	4,	0),
(796,	110,	11,	NULL,	6,	0),
(797,	110,	13,	NULL,	21,	0),
(798,	110,	15,	NULL,	42,	0),
(799,	110,	17,	NULL,	43,	0),
(800,	110,	19,	NULL,	19,	1),
(801,	111,	1,	NULL,	1,	1),
(802,	111,	3,	NULL,	3,	1),
(803,	111,	5,	NULL,	2,	1),
(804,	111,	7,	NULL,	16,	0),
(805,	111,	9,	NULL,	9,	1),
(806,	111,	11,	NULL,	10,	1),
(807,	111,	13,	NULL,	21,	0),
(808,	111,	15,	NULL,	15,	1),
(809,	111,	17,	NULL,	43,	0),
(810,	111,	19,	NULL,	45,	0),
(811,	112,	1,	'jinan dvoulaločný',	NULL,	1),
(812,	112,	3,	NULL,	NULL,	0),
(813,	112,	5,	'smrk',	NULL,	0),
(814,	112,	7,	'rulík zlomocný',	NULL,	0),
(815,	112,	9,	'borovice',	NULL,	0),
(816,	112,	11,	'tis',	NULL,	0),
(817,	112,	13,	'sasanka hajní',	NULL,	0),
(818,	112,	15,	'slunečníce bělokvětá',	NULL,	0),
(819,	112,	17,	NULL,	NULL,	0),
(820,	112,	19,	NULL,	NULL,	0),
(821,	113,	1,	NULL,	NULL,	0),
(822,	113,	3,	NULL,	NULL,	0),
(823,	114,	1,	NULL,	1,	1),
(824,	114,	3,	NULL,	3,	1),
(825,	114,	5,	NULL,	2,	1),
(826,	114,	7,	NULL,	7,	1),
(827,	114,	9,	NULL,	9,	1),
(828,	114,	11,	NULL,	10,	1),
(829,	114,	13,	NULL,	13,	1),
(830,	114,	15,	NULL,	15,	1),
(831,	114,	17,	NULL,	17,	1),
(832,	114,	19,	NULL,	19,	1),
(833,	115,	1,	'jinan dvoulaločný',	NULL,	1),
(834,	115,	3,	'jedle bělokorá',	NULL,	1),
(835,	115,	5,	'smrk ztepilý',	NULL,	1),
(836,	115,	7,	'jalovec obecný',	NULL,	1),
(837,	115,	9,	'jedlovec kanadský',	NULL,	1),
(838,	115,	11,	'cypřišek lawsonův',	NULL,	1),
(839,	115,	13,	'fenykl obecný',	NULL,	1),
(840,	115,	15,	'slunečnice topinambur',	NULL,	1),
(841,	115,	17,	'plicník obecný',	NULL,	0),
(842,	115,	19,	'mateřídouška',	NULL,	0),
(843,	116,	1,	NULL,	NULL,	0),
(844,	117,	1,	NULL,	1,	1),
(845,	117,	3,	NULL,	3,	1),
(846,	117,	5,	NULL,	2,	1),
(847,	117,	7,	NULL,	7,	1),
(848,	117,	9,	NULL,	9,	1),
(849,	117,	11,	NULL,	10,	1),
(850,	117,	13,	NULL,	13,	1),
(851,	117,	15,	NULL,	42,	0),
(852,	117,	17,	NULL,	17,	1),
(853,	117,	19,	NULL,	46,	0),
(854,	118,	1,	NULL,	1,	1),
(855,	118,	3,	NULL,	3,	1),
(856,	118,	5,	NULL,	2,	1),
(857,	118,	7,	NULL,	7,	1),
(858,	118,	9,	NULL,	9,	1),
(859,	118,	11,	NULL,	10,	1),
(860,	118,	13,	NULL,	13,	1),
(861,	118,	15,	NULL,	15,	1),
(862,	118,	17,	NULL,	17,	1),
(863,	118,	19,	NULL,	19,	1),
(864,	119,	1,	NULL,	1,	1),
(865,	119,	3,	NULL,	3,	1),
(866,	119,	5,	NULL,	2,	1),
(867,	119,	7,	NULL,	7,	1),
(868,	119,	9,	NULL,	8,	0),
(869,	119,	11,	NULL,	10,	1),
(870,	119,	13,	NULL,	13,	1),
(871,	119,	15,	NULL,	15,	1),
(872,	119,	17,	NULL,	17,	1),
(873,	119,	19,	NULL,	19,	1),
(874,	120,	1,	'jinan dvoulaločnatý',	NULL,	0),
(875,	120,	3,	NULL,	NULL,	0),
(876,	120,	5,	'smrk ztepilý',	NULL,	1),
(877,	120,	7,	'jalovec',	NULL,	0),
(878,	120,	9,	NULL,	NULL,	0),
(879,	120,	11,	'tisovec Lawsonův',	NULL,	0),
(880,	120,	13,	'fenykl obecný',	NULL,	1),
(881,	120,	15,	'slunečnice',	NULL,	0),
(882,	120,	17,	'kostival lékařský',	NULL,	0),
(883,	120,	19,	NULL,	NULL,	0),
(884,	121,	1,	NULL,	1,	1),
(885,	121,	3,	NULL,	3,	1),
(886,	121,	5,	NULL,	2,	1),
(887,	121,	7,	NULL,	7,	1),
(888,	121,	9,	NULL,	9,	1),
(889,	121,	11,	NULL,	10,	1),
(890,	121,	13,	NULL,	13,	1),
(891,	121,	15,	NULL,	15,	1),
(892,	121,	17,	NULL,	17,	1),
(893,	121,	19,	NULL,	19,	1),
(894,	122,	1,	'g',	NULL,	0),
(895,	122,	3,	'u',	NULL,	0),
(896,	122,	5,	NULL,	NULL,	0),
(897,	123,	1,	NULL,	1,	1),
(898,	123,	3,	NULL,	3,	1),
(899,	123,	5,	NULL,	2,	1),
(900,	123,	7,	NULL,	7,	1),
(901,	123,	9,	NULL,	9,	1),
(902,	123,	11,	NULL,	10,	1),
(903,	123,	13,	NULL,	13,	1),
(904,	123,	15,	NULL,	42,	0),
(905,	123,	17,	NULL,	44,	0),
(906,	123,	19,	NULL,	46,	0),
(907,	124,	1,	NULL,	1,	1),
(908,	124,	3,	NULL,	4,	0),
(909,	124,	5,	NULL,	2,	1),
(910,	124,	7,	NULL,	16,	0),
(911,	124,	9,	NULL,	9,	1),
(912,	124,	11,	NULL,	6,	0),
(913,	124,	13,	NULL,	36,	0),
(914,	124,	15,	NULL,	42,	0),
(915,	124,	17,	NULL,	43,	0),
(916,	124,	19,	NULL,	19,	1),
(917,	125,	1,	'Jinan Dvoulaločný',	NULL,	1),
(918,	125,	3,	'Jedle Bělokorá',	NULL,	1),
(919,	125,	5,	'Smrk ztepilý',	NULL,	1),
(920,	125,	7,	'Jalovec obecný',	NULL,	1),
(921,	125,	9,	NULL,	NULL,	0),
(922,	125,	11,	'Cypřišek',	NULL,	0),
(923,	125,	13,	'Fenykl obecný',	NULL,	1),
(924,	125,	15,	'Slunečnice topinambur',	NULL,	1),
(925,	125,	17,	NULL,	NULL,	0),
(926,	125,	19,	'Mateřídouška jarní',	NULL,	0),
(927,	126,	1,	'jinan dvojlaločný',	NULL,	0),
(928,	126,	3,	'zimostráz vždyzelený',	NULL,	0),
(929,	126,	5,	'jedle bělokorá',	NULL,	0),
(930,	126,	7,	NULL,	NULL,	0),
(931,	126,	9,	NULL,	NULL,	0),
(932,	126,	11,	NULL,	NULL,	0),
(933,	126,	13,	'libeček obecný',	NULL,	0),
(934,	126,	15,	NULL,	NULL,	0),
(935,	126,	17,	NULL,	NULL,	0),
(936,	126,	19,	NULL,	NULL,	0),
(937,	127,	1,	NULL,	9,	0),
(938,	127,	3,	NULL,	18,	0),
(939,	127,	5,	NULL,	NULL,	0),
(940,	128,	1,	NULL,	1,	1),
(941,	128,	3,	NULL,	4,	0),
(942,	128,	5,	NULL,	9,	0),
(943,	128,	7,	NULL,	7,	1),
(944,	128,	9,	NULL,	8,	0),
(945,	128,	11,	NULL,	10,	1),
(946,	128,	13,	NULL,	13,	1),
(947,	128,	15,	NULL,	15,	1),
(948,	128,	17,	NULL,	17,	1),
(949,	128,	19,	NULL,	19,	1),
(950,	129,	1,	NULL,	1,	1),
(951,	129,	3,	NULL,	4,	0),
(952,	129,	5,	NULL,	13,	0),
(953,	129,	7,	NULL,	16,	0),
(954,	129,	9,	NULL,	8,	0),
(955,	129,	11,	NULL,	28,	0),
(956,	129,	13,	NULL,	13,	1),
(957,	129,	15,	NULL,	42,	0),
(958,	129,	17,	NULL,	44,	0),
(959,	129,	19,	NULL,	46,	0),
(960,	130,	1,	NULL,	1,	1),
(961,	130,	3,	NULL,	3,	1),
(962,	130,	5,	NULL,	2,	1),
(963,	130,	7,	NULL,	7,	1),
(964,	130,	9,	NULL,	9,	1),
(965,	130,	11,	NULL,	10,	1),
(966,	130,	13,	NULL,	13,	1),
(967,	130,	15,	NULL,	42,	0),
(968,	130,	17,	NULL,	17,	1),
(969,	130,	19,	NULL,	19,	1),
(970,	131,	1,	'Jinan dvoulaločný',	NULL,	1),
(971,	131,	3,	'tis červený',	NULL,	0),
(972,	131,	5,	'smrk',	NULL,	0),
(973,	131,	7,	'jalovec',	NULL,	0),
(974,	131,	9,	'douglaska',	NULL,	0),
(975,	131,	11,	'cypřiš',	NULL,	0),
(976,	131,	13,	'mrkev',	NULL,	0),
(977,	131,	15,	'kamzičník',	NULL,	0),
(978,	131,	17,	'dýmnivka',	NULL,	0),
(979,	131,	19,	NULL,	NULL,	0),
(980,	132,	1,	NULL,	1,	1),
(981,	132,	3,	NULL,	4,	0),
(982,	132,	5,	NULL,	6,	0),
(983,	132,	7,	NULL,	7,	1),
(984,	132,	9,	NULL,	9,	1),
(985,	132,	11,	NULL,	28,	0),
(986,	132,	13,	NULL,	13,	1),
(987,	132,	15,	NULL,	15,	1),
(988,	132,	17,	NULL,	17,	1),
(989,	132,	19,	NULL,	46,	0),
(990,	133,	1,	NULL,	1,	1),
(991,	133,	3,	NULL,	3,	1),
(992,	133,	5,	NULL,	2,	1),
(993,	133,	7,	NULL,	7,	1),
(994,	133,	9,	NULL,	9,	1),
(995,	133,	11,	NULL,	10,	1),
(996,	133,	13,	NULL,	13,	1),
(997,	133,	15,	NULL,	42,	0),
(998,	133,	17,	NULL,	17,	1),
(999,	133,	19,	NULL,	46,	0),
(1000,	134,	1,	NULL,	1,	1),
(1001,	134,	3,	NULL,	NULL,	0),
(1002,	134,	5,	NULL,	2,	1),
(1003,	135,	1,	'jinan dvoulalocny',	NULL,	1),
(1004,	135,	3,	NULL,	NULL,	0),
(1005,	135,	5,	NULL,	NULL,	0),
(1006,	135,	7,	'jalovec obecny',	NULL,	1),
(1007,	135,	9,	NULL,	NULL,	0);

DROP TABLE IF EXISTS `exam`;
CREATE TABLE `exam` (
  `id` bigint(20) unsigned NOT NULL AUTO_INCREMENT,
  `user_id` bigint(20) unsigned NOT NULL COMMENT 'Uživatel',
  `taxonomy_id` bigint(20) unsigned NOT NULL COMMENT 'Okruh',
  `level` tinyint(3) unsigned NOT NULL COMMENT 'Úroveň',
  `date` datetime NOT NULL COMMENT 'Datum',
  PRIMARY KEY (`id`),
  KEY `user_id` (`user_id`),
  KEY `taxonomy_id` (`taxonomy_id`),
  CONSTRAINT `exam_ibfk_1` FOREIGN KEY (`user_id`) REFERENCES `user` (`id`) ON DELETE CASCADE,
  CONSTRAINT `exam_ibfk_2` FOREIGN KEY (`taxonomy_id`) REFERENCES `taxonomy` (`id`) ON DELETE CASCADE
) ENGINE=InnoDB DEFAULT CHARSET=utf8 COMMENT='Zkoušky';

INSERT INTO `exam` (`id`, `user_id`, `taxonomy_id`, `level`, `date`) VALUES
(34,	9,	1,	1,	'2012-12-06 11:04:05'),
(35,	10,	1,	1,	'2012-12-06 11:55:24'),
(36,	12,	1,	1,	'2012-12-06 12:49:07'),
(37,	13,	1,	1,	'2012-12-06 12:58:25'),
(38,	14,	1,	1,	'2012-12-06 13:08:28'),
(39,	15,	1,	1,	'2012-12-06 13:15:37'),
(40,	16,	1,	1,	'2012-12-06 13:24:29'),
(41,	17,	1,	1,	'2012-12-06 13:30:47'),
(42,	18,	1,	1,	'2012-12-06 14:03:37'),
(43,	19,	1,	1,	'2012-12-06 14:09:26'),
(44,	20,	1,	2,	'2012-12-06 20:00:07'),
(45,	21,	1,	2,	'2012-12-06 20:01:15'),
(46,	22,	1,	1,	'2012-12-06 22:10:17'),
(47,	22,	1,	2,	'2012-12-06 22:12:18'),
(48,	23,	1,	1,	'2012-12-06 22:43:17'),
(49,	23,	1,	2,	'2012-12-06 22:46:28'),
(51,	24,	1,	1,	'2012-12-07 12:33:21'),
(52,	28,	1,	1,	'2012-12-07 12:35:42'),
(53,	25,	1,	1,	'2012-12-07 12:35:47'),
(54,	32,	1,	2,	'2012-12-07 12:38:53'),
(55,	30,	1,	1,	'2012-12-07 12:39:46'),
(56,	33,	1,	2,	'2012-12-07 12:39:55'),
(57,	30,	1,	2,	'2012-12-07 12:40:56'),
(58,	35,	1,	2,	'2012-12-07 12:42:19'),
(59,	35,	1,	1,	'2012-12-07 12:42:54'),
(60,	38,	1,	2,	'2012-12-07 12:45:48'),
(61,	37,	1,	2,	'2012-12-07 12:46:21'),
(62,	31,	1,	1,	'2012-12-07 12:46:32'),
(63,	39,	1,	1,	'2012-12-07 12:47:25'),
(64,	31,	1,	2,	'2012-12-07 12:48:02'),
(65,	24,	1,	2,	'2012-12-07 13:04:39'),
(66,	28,	1,	2,	'2012-12-07 13:05:09'),
(67,	49,	1,	1,	'2012-12-07 13:07:35'),
(68,	9,	1,	2,	'2012-12-07 13:10:37'),
(69,	50,	1,	1,	'2012-12-07 13:17:48'),
(70,	36,	1,	1,	'2012-12-07 13:18:53'),
(71,	51,	1,	1,	'2012-12-07 13:19:39'),
(72,	50,	1,	2,	'2012-12-07 13:20:35'),
(73,	52,	1,	1,	'2012-12-07 13:24:49'),
(74,	53,	1,	1,	'2012-12-07 13:25:22'),
(75,	52,	1,	2,	'2012-12-07 13:26:04'),
(76,	54,	1,	2,	'2012-12-07 13:27:18'),
(77,	54,	1,	1,	'2012-12-07 13:29:32'),
(78,	55,	1,	1,	'2012-12-07 13:35:20'),
(79,	56,	1,	2,	'2012-12-07 13:40:03'),
(80,	33,	1,	1,	'2012-12-07 13:48:37'),
(81,	48,	1,	1,	'2012-12-07 13:49:37'),
(82,	59,	1,	1,	'2012-12-07 13:56:54'),
(83,	59,	1,	2,	'2012-12-07 13:59:25'),
(84,	48,	1,	2,	'2012-12-07 14:23:57'),
(85,	63,	1,	1,	'2012-12-07 14:53:09'),
(86,	63,	1,	2,	'2012-12-07 14:57:16'),
(87,	65,	1,	1,	'2012-12-07 15:20:27'),
(88,	66,	1,	1,	'2012-12-07 15:33:33'),
(89,	67,	1,	1,	'2012-12-07 15:41:07'),
(90,	67,	1,	2,	'2012-12-07 15:41:31'),
(91,	68,	1,	1,	'2012-12-07 16:32:36'),
(92,	68,	1,	2,	'2012-12-07 16:39:10'),
(93,	70,	1,	1,	'2012-12-07 18:48:45'),
(94,	72,	1,	2,	'2012-12-07 19:49:25'),
(95,	73,	1,	1,	'2012-12-07 20:17:50'),
(96,	75,	1,	1,	'2012-12-07 23:24:10'),
(97,	76,	1,	2,	'2012-12-07 23:41:36'),
(98,	36,	1,	2,	'2012-12-08 00:02:26'),
(99,	77,	1,	1,	'2012-12-08 00:07:13'),
(100,	77,	1,	2,	'2012-12-08 00:10:00'),
(101,	79,	1,	1,	'2012-12-08 00:11:45'),
(102,	80,	1,	1,	'2012-12-08 00:15:30'),
(103,	80,	1,	2,	'2012-12-08 00:16:47'),
(104,	81,	1,	1,	'2012-12-08 00:17:22'),
(105,	82,	1,	1,	'2012-12-08 00:18:43'),
(106,	82,	1,	2,	'2012-12-08 00:30:25'),
(107,	83,	1,	1,	'2012-12-08 01:43:45'),
(108,	84,	1,	1,	'2012-12-08 08:47:53'),
(109,	85,	1,	2,	'2012-12-08 09:32:29'),
(110,	87,	1,	1,	'2012-12-08 10:01:04'),
(111,	88,	1,	1,	'2012-12-08 10:54:26'),
(112,	88,	1,	2,	'2012-12-08 10:56:07'),
(113,	89,	1,	2,	'2012-12-08 11:12:09'),
(114,	91,	1,	1,	'2012-12-08 11:24:25'),
(115,	91,	1,	2,	'2012-12-08 11:26:14'),
(116,	92,	1,	2,	'2012-12-08 12:19:34'),
(117,	92,	1,	1,	'2012-12-08 12:19:46'),
(118,	93,	1,	1,	'2012-12-08 13:04:42'),
(119,	94,	1,	1,	'2012-12-08 13:06:19'),
(120,	94,	1,	2,	'2012-12-08 13:08:09'),
(121,	95,	1,	1,	'2012-12-08 13:35:21'),
(122,	97,	1,	2,	'2012-12-08 13:36:45'),
(123,	96,	1,	1,	'2012-12-08 13:38:20'),
(124,	98,	1,	1,	'2012-12-08 13:51:35'),
(125,	93,	1,	2,	'2012-12-08 14:00:16'),
(126,	99,	1,	2,	'2012-12-08 14:11:29'),
(127,	101,	1,	1,	'2012-12-08 14:40:36'),
(128,	103,	1,	1,	'2012-12-08 15:48:55'),
(129,	104,	1,	1,	'2012-12-08 15:52:39'),
(130,	105,	1,	1,	'2012-12-08 17:38:18'),
(131,	106,	1,	2,	'2012-12-08 17:44:29'),
(132,	108,	1,	1,	'2012-12-08 18:53:12'),
(133,	109,	1,	1,	'2012-12-08 19:27:20'),
(134,	29,	1,	1,	'2012-12-09 17:36:05'),
(135,	29,	1,	2,	'2012-12-09 17:36:19');

DROP TABLE IF EXISTS `option`;
CREATE TABLE `option` (
  `id` bigint(20) unsigned NOT NULL AUTO_INCREMENT,
  `text` varchar(50) NOT NULL COMMENT 'Text',
  PRIMARY KEY (`id`)
) ENGINE=InnoDB DEFAULT CHARSET=utf8 COMMENT='Možnosti';

INSERT INTO `option` (`id`, `text`) VALUES
(1,	'Jinan dvoulaločný'),
(2,	'Smrk ztepilý'),
(3,	'Jedle bělokorá'),
(4,	'Borovice vejmutovka'),
(5,	'Tis červený'),
(6,	'Modřín opadavý'),
(7,	'Jalovec obecný'),
(8,	'Douglaska tisolistá'),
(9,	'Jedlovec kanadský'),
(10,	'Cypřišek Lawsonův'),
(11,	'Jabloň bohemia'),
(12,	'Hrách setý'),
(13,	'Fenykl obecný'),
(14,	'Leknín bílý'),
(15,	'Slunečnice topinambur'),
(16,	'Rulík zlomocný'),
(17,	'Plicník lékařský'),
(18,	'Máta dlouholistá'),
(19,	'Mateřídouška časná'),
(20,	'Pampeliška podzimní'),
(21,	'Sasanka hajní'),
(22,	'Blatouch bahenní'),
(23,	'Orlíček obecný'),
(24,	'Růže šípková'),
(25,	'Jahodník obecný'),
(26,	'Ostružník maliník'),
(27,	'Slivoň domácí'),
(28,	'Zemědým lékařský'),
(29,	'Fazol obecný'),
(30,	'Sója luštinatá'),
(31,	'Jetel plazivý '),
(32,	'Mrkev obecná'),
(33,	'Rajče jedlé'),
(34,	'Lilek brambor'),
(35,	'Lilek potměchuť'),
(36,	'Meduňka lékařská'),
(37,	'Kopretina lékařská'),
(38,	'Sedmikráska chudobka'),
(39,	'Chřest lékařský'),
(40,	'Střevíčník pantoflíček'),
(41,	'Slunečnice roční'),
(42,	'Gerbera jamesonii'),
(43,	'Kostival lékařský'),
(44,	'Hluchavka nachová'),
(45,	'Mateřídouška bělokvětá'),
(46,	'Tymián obecný');

DROP TABLE IF EXISTS `plant`;
CREATE TABLE `plant` (
  `id` bigint(20) unsigned NOT NULL AUTO_INCREMENT,
  `name` bigint(20) unsigned NOT NULL COMMENT 'Název',
  `img` varchar(50) NOT NULL COMMENT 'Obrázek',
  `taxonomy_id` bigint(20) unsigned NOT NULL COMMENT 'Okruh',
  PRIMARY KEY (`id`),
  KEY `name` (`name`),
  KEY `taxonomy_id` (`taxonomy_id`),
  CONSTRAINT `plant_ibfk_1` FOREIGN KEY (`name`) REFERENCES `option` (`id`) ON DELETE CASCADE,
  CONSTRAINT `plant_ibfk_2` FOREIGN KEY (`taxonomy_id`) REFERENCES `taxonomy` (`id`) ON DELETE CASCADE
) ENGINE=InnoDB DEFAULT CHARSET=utf8 COMMENT='Rostliny';

INSERT INTO `plant` (`id`, `name`, `img`, `taxonomy_id`) VALUES
(1,	1,	'01',	1),
(2,	2,	'02',	1),
(3,	3,	'03',	1),
(4,	4,	'04',	1),
(5,	5,	'05',	1),
(6,	6,	'06',	1),
(7,	7,	'07',	1),
(8,	8,	'08',	1),
(9,	9,	'09',	1),
(10,	10,	'10',	1),
(11,	11,	'11',	1),
(12,	12,	'12',	1),
(13,	13,	'13',	1),
(14,	14,	'14',	1),
(15,	15,	'15',	1),
(16,	16,	'16',	1),
(17,	17,	'17',	1),
(18,	18,	'18',	1),
(19,	19,	'19',	1),
(20,	20,	'20',	1);

DROP TABLE IF EXISTS `question`;
CREATE TABLE `question` (
  `id` bigint(20) unsigned NOT NULL AUTO_INCREMENT,
  `plant_id` bigint(20) unsigned NOT NULL DEFAULT '1' COMMENT 'Rostlina',
  `order` int(10) unsigned NOT NULL COMMENT 'Pořadí',
  `option_1` bigint(20) unsigned NOT NULL COMMENT 'Volba 1',
  `option_2` bigint(20) unsigned NOT NULL COMMENT 'Volba 2',
  `option_3` bigint(20) unsigned NOT NULL COMMENT 'Volba 3',
  `option_4` bigint(20) unsigned NOT NULL COMMENT 'Volba 4',
  PRIMARY KEY (`id`),
  KEY `option_1` (`option_1`),
  KEY `option_2` (`option_2`),
  KEY `option_3` (`option_3`),
  KEY `option_4` (`option_4`),
  KEY `plant_id` (`plant_id`),
  CONSTRAINT `question_ibfk_3` FOREIGN KEY (`option_1`) REFERENCES `option` (`id`) ON DELETE CASCADE,
  CONSTRAINT `question_ibfk_4` FOREIGN KEY (`option_2`) REFERENCES `option` (`id`) ON DELETE CASCADE,
  CONSTRAINT `question_ibfk_5` FOREIGN KEY (`option_3`) REFERENCES `option` (`id`) ON DELETE CASCADE,
  CONSTRAINT `question_ibfk_6` FOREIGN KEY (`option_4`) REFERENCES `option` (`id`) ON DELETE CASCADE,
  CONSTRAINT `question_ibfk_7` FOREIGN KEY (`plant_id`) REFERENCES `plant` (`id`) ON DELETE CASCADE
) ENGINE=InnoDB DEFAULT CHARSET=utf8 COMMENT='Otázky';

INSERT INTO `question` (`id`, `plant_id`, `order`, `option_1`, `option_2`, `option_3`, `option_4`) VALUES
(1,	1,	1,	1,	5,	9,	13),
(3,	3,	2,	4,	18,	7,	3),
(5,	2,	3,	13,	9,	2,	6),
(7,	7,	4,	16,	7,	9,	10),
(9,	9,	5,	8,	4,	2,	9),
(11,	10,	6,	10,	6,	9,	28),
(13,	13,	7,	35,	13,	36,	21),
(15,	15,	8,	41,	42,	13,	15),
(17,	17,	9,	44,	43,	23,	17),
(19,	19,	10,	46,	19,	45,	25);

DROP TABLE IF EXISTS `taxonomy`;
CREATE TABLE `taxonomy` (
  `id` bigint(20) unsigned NOT NULL AUTO_INCREMENT,
  `name` varchar(40) NOT NULL COMMENT 'Název',
  `img` varchar(40) NOT NULL COMMENT 'Obrázek',
  PRIMARY KEY (`id`)
) ENGINE=InnoDB DEFAULT CHARSET=utf8 COMMENT='Okruhy';

INSERT INTO `taxonomy` (`id`, `name`, `img`) VALUES
(1,	'Rostliny ČR',	'rostliny_cr');

DROP TABLE IF EXISTS `user`;
CREATE TABLE `user` (
  `id` bigint(20) unsigned NOT NULL AUTO_INCREMENT,
  `login` varchar(30) NOT NULL COMMENT 'Login',
  `password` varchar(32) NOT NULL COMMENT 'Heslo (md5)',
  PRIMARY KEY (`id`)
) ENGINE=InnoDB DEFAULT CHARSET=utf8 COMMENT='Uživatelé';

INSERT INTO `user` (`id`, `login`, `password`) VALUES
(9,	'Jiří Hon',	'cc47ade080c57081a4284cb26f3be393'),
(10,	'simetka',	'cd73502828457d15655bbd7a63fb0bc8'),
(11,	'Test1',	'5a105e8b9d40e1329780d62ea2265d8a'),
(12,	'Mgotest01',	'1c6e7f3495b83d2048004a37f84a975c'),
(13,	'Mgotest02',	'798626d6135e553bca98ac3cd091864a'),
(14,	'Mgotest03',	'38317d466ceeba8971a04da0aca2e486'),
(15,	'Mgotest04',	'd89e199a1fb08b9cd96c3d7c3da5b336'),
(16,	'Mgotest05',	'c0ec761d5e7355f20de1eb9c357ef81d'),
(17,	'Mgotest06',	'8070b4651d1514b6fa79aa351da779e1'),
(18,	'Mgotest07',	'dab6ad59b019d3d74fe1869e8b41b899'),
(19,	'Mgotest08',	'9c074d0cd3b430fa429f103f0fec22b8'),
(20,	'rambo',	'0322f58e727c16a2eff68f08675e30fc'),
(21,	'heslo',	'955db0b81ef1989b4a4dfeae8061a9a6'),
(22,	'Simetkova',	'955db0b81ef1989b4a4dfeae8061a9a6'),
(23,	'Simetkaz',	'e10adc3949ba59abbe56e057f20f883e'),
(24,	'xblaha22',	'955db0b81ef1989b4a4dfeae8061a9a6'),
(25,	'manazer',	'202cb962ac59075b964b07152d234b70'),
(26,	'hd',	'478bd5f4605190e6eb3f5e1e9e525769'),
(27,	'ahoj',	'0cc175b9c0f1b6a831c399e269772661'),
(28,	'a',	'0cc175b9c0f1b6a831c399e269772661'),
(29,	'abcd',	'e2fc714c4727ee9395f324cd2e7f331f'),
(30,	'aaa',	'77963b7a931377ad4ab5ad6a9cd718aa'),
(31,	'nelik',	'd6f4e881c944146eb675a12ee7948260'),
(32,	'karel',	'9cdfb439c7876e703e307864c9167a15'),
(33,	'asdf',	'912ec803b2ce49e4a541068d495ab570'),
(34,	'sdfh',	'a5c9a3b44aaf44217da5dcc997765b1f'),
(35,	'x',	'9dd4e461268c8034f5c8564e155c67a6'),
(36,	'admin',	'21232f297a57a5a743894a0e4a801fc3'),
(37,	'tomas',	'c4ea31411b20d5f23ae3e44b964d2cd6'),
(38,	'adelfín',	'0cc175b9c0f1b6a831c399e269772661'),
(39,	'abcdef',	'e80b5017098950fc58aad83c8c14978e'),
(40,	'zuzy',	'955db0b81ef1989b4a4dfeae8061a9a6'),
(41,	'saldf',	'c8e9dbec58452f5816d5fda6ef2d64d4'),
(42,	'axx',	'ed82cad394e639cfa1e3ed8fef699b3a'),
(43,	'ivan',	'f561aaf6ef0bf14d4208bb46a4ccb3ad'),
(44,	'boooo',	'827ccb0eea8a706c4c34a16891f84e7b'),
(45,	'klara',	'ffd2337d65bad897380918971694de82'),
(46,	'david',	'97edfa43843271c6a4146d888ba9696f'),
(47,	'w',	'f1290186a5d0b1ceab27f4e77c0c5d68'),
(48,	'test',	'098f6bcd4621d373cade4e832627b4f6'),
(49,	'Jméno',	'3ea4db050dfd4daa3a93e9434c468776'),
(50,	'hynek',	'74e27b2090c130895b1326e169f0e374'),
(51,	'opicka',	'9a27760caee38a647db7c78749edcd1e'),
(52,	'5182',	'70715fe72d91e2169d38fa30f48a9857'),
(53,	'Martin',	'1a1a3cc2336bd3fbb946e30c5bf03414'),
(54,	'petr',	'2f0714f5365318775c8f50d720a307dc'),
(55,	'abud',	'343d9040a671c45832ee5381860e2996'),
(56,	'ab4ud',	'd2f2297d6e829cd3493aa7de4416a18f'),
(57,	'efwew',	'0e22f493c7480c3d7e38919ed8a72f6b'),
(58,	'dddd',	'74b87337454200d4d33f80c4663dc5e5'),
(59,	'pokorná',	'81dc9bdb52d04dc20036dbd8313ed055'),
(60,	'vbn',	'8bbc2b904d0f41c51ae92c2268935b03'),
(61,	'juro',	'202cb962ac59075b964b07152d234b70'),
(62,	'abc',	'098f6bcd4621d373cade4e832627b4f6'),
(63,	'Veronika',	'7a25bc530f8deb46fc60f8c68faa983f'),
(64,	'VojtaHorak',	'83b1734e7de9b4dc1da189f993f110ae'),
(65,	'hovno',	'02b65838e9d004709a94c8b3b46f01b3'),
(66,	'Oldřich Blaha',	'ec3ac397db4ce75993d52f4b49f2e42c'),
(67,	'aaaaa',	'594f803b380a41396ed63dca39503542'),
(68,	'saaba',	'3b12fd7566839869cd4275c2983434c8'),
(69,	'asd',	'1aabac6d068eef6a7bad3fdf50a05cc8'),
(70,	'ahojaaa',	'5bfad0723b4ae6892e82485646f38787'),
(71,	'pp',	'5b54c0a045f179bcbbbc9abcb8b5cd4c'),
(72,	'kkk',	'cb42e130d1471239a27fca6228094f0e'),
(73,	'hynekToJe',	'c042e26387ada6399075eaea05883406'),
(74,	'zam',	'955db0b81ef1989b4a4dfeae8061a9a6'),
(75,	'jan',	'fa27ef3ef6570e32a79e74deca7c1bc3'),
(76,	'ik',	'7bb450ffbcb8b2c73b5f66663190353c'),
(77,	'jarda',	'315e05a4417a4978aefd9a70a4997f4e'),
(78,	'as',	'f970e2767d0cfe75876ea857f92e319b'),
(79,	'radek',	'ad7612c57ea346396b0f2469076716ba'),
(80,	'Petra',	'81dc9bdb52d04dc20036dbd8313ed055'),
(81,	'12345',	'01cfcd4f6b8770febfb40cb906715822'),
(82,	'Jani',	'cd380509265cfe613fd866cde4822fa3'),
(83,	'sgf',	'345eaed675731fd243049a1b13f4d99f'),
(84,	'kaja',	'83582f0a9d49e59129e19e8e71bad3ca'),
(85,	'katka',	'836a59711d771d6cb1c79e0db0dfffbe'),
(86,	'jana',	'9439aec52eb100234ad0d3bf4471b575'),
(87,	'jaros',	'128ecf542a35ac5270a87dc740918404'),
(88,	'Ondrej',	'41739d1d9deaca99cc0e0c79f5d1e00b'),
(89,	'tom',	'34b7da764b21d298ef307d04d8152dc5'),
(90,	'Adam',	'955db0b81ef1989b4a4dfeae8061a9a6'),
(91,	'lyskacerna',	'bdd0236b411808e8758fdc3c6a100aeb'),
(92,	'Leni',	'4b726d6ef0a22c1e00007aa63f9cf6dd'),
(93,	'Ook',	'207240fda4c252187e6cc571a2aefef8'),
(94,	'studentka',	'53b5d784ac9c025895ee2340f874f4e0'),
(95,	'Juditt',	'4ac63342c8c4d0fa064ceb6ee0aef084'),
(96,	'Marcela',	'63f05bf5ea33c2fe2553f2275ee5fdff'),
(97,	'm',	'6f8f57715090da2632453988d9a1501b'),
(98,	'honza',	'e6c51593febe3169772ca70737e2d326'),
(99,	'vosatkaj',	'3770251c0004a7534419d5142fbda9ea'),
(100,	'h',	'2510c39011c5be704182423e3a695e91'),
(101,	'pavel',	'4ca27c48fa03964d775683e5f32ba6e0'),
(102,	'haha',	'4e4d6c332b6fe62a63afe56171fd3725'),
(103,	'Vierka',	'3d36e867fac87242d740bb25ceb551d9'),
(104,	'mifre',	'8e7f6019213777b4b6eb3052825eeb2f'),
(105,	'testovaci',	'955db0b81ef1989b4a4dfeae8061a9a6'),
(106,	'mirunek',	'955db0b81ef1989b4a4dfeae8061a9a6'),
(107,	'trrr',	'6f639541ab1b6fca4e23c65899e12684'),
(108,	'maji',	'1c6154a8b601535135a2d76cd4ffdecb'),
(109,	'jj',	'bf2bc2545a4a5f5683d9ef3ed0d977e0'),
(110,	'abcaba',	'f37a579846efb2097f609dcbf3ab768c'),
(111,	'papa',	'0ac6cd34e2fac333bf0ee3cd06bdcf96'),
(112,	'yfry',	'4f22a4b4bcbe105cc8a7bbeb24eaa0dc'),
(113,	'xblaha2',	'8277e0910d750195b448797616e091ad');

-- 2012-12-09 17:36:59
